id,lib,description,famille_matiere_id
4105,CMNPO,Communication professio orale et écrite,41
4106,EX-CM,Expression communication,41
4107,CMNCA,Communication,41
4108,MT-TG,Méthodes et techniques graphiques communication,41
4109,EDTKC,Edition et techniques de communication,41
4110,FR-TC,Français et techniques de communication,41
4111,CMNCI,Communication et civilisation,41
4112,OU-TC,Outils et techniques de communication,41
4113,DIMPF,Dimension professionnelle,41
4114,DIMPS,Dimension psychologique et sociologique,41
4115,SHUTE,Sciences humaines et techniques d'expression,41
3910,TXSYN,Travaux de synthèse,39
3911,ETCAS,Etude de cas,39
3912,TPSYN,Travaux pratiques de synthèse,39
3913,T-IMM,Technique de l'immobilier,39
3999,CPT-F,"Comptabilité, finances divers",39
4001,GGTIC,Geo gene -touris et itinéraires commerc,40
4002,CUISI,Cuisine,40
4003,CUITP,"Cuisine (technologie, travaux pratiques)",40
4004,MQTOU,Mercatique du tourisme,40
4005,T-CUL,Techniques culinaires,40
4006,ATTOG,Action touristique générale,40
4007,ATTAA,Action touristique approfondie appliquée,40
4008,RESTP,"Restaurant(technologie,tp,oenologie)",40
4009,ATTOA,Action touristique approfondie,40
4010,ATTGA,Action touristique générale appliquée,40
4011,DCTRP,Document de transport,40
4012,O-TOU,Organisation du tourisme,40
4013,E-TOU,Economie touristique,40
4015,BTARI,Billetterie et tarification,40
4016,TPAGE,Travaux pratiques d'agence,40
4017,FRETF,Fret et trafic,40
4018,DOCUM,Documentation,40
4019,RESTO,Restaurant,40
4020,O-PCL,Organisation et production culinaire,40
4021,T-AHR,Techniques administratives hôtelières restaur,40
4022,ACPRO,Activités professionnelles,40
4023,HBGMT,Hébergement,40
4024,SAHRE,Sciences app à l'hôtellerie et à la restauration,40
4025,G-HOT,Gestion hôtelière,40
4026,HOTTP,"Hôtel (technologie, travaux pratiques)",40
4027,T-HOT,Techniques hôtelières,40
4028,IHOTM,Ingénierie hôtel et maintenance,40
3718,IFGES,Informatique et gestion,37
3719,IUMLI,Init utilis mater -logic informatique de l'ets,37
3799,IFGSD,Informatique de gestion divers,37
3801,E-TRU,Economie de la construction,38
3802,DOMEC,Domaine économique,38
3803,E-GCG,Economie et gestion/conjoint,38
3804,E-OGS,Economie et gestion,38
3805,E-TKG,Economie et techniques de gestion,38
3806,E-OGN,Economie générale,38
3808,E-ONO,Economie,38
3809,PBECO,Problèmes économiques,38
3810,E-DRT,Economie et droit,38
3811,EVEJU,Environnement économique et juridique,38
3812,CFOEC,Complément de formation économique,38
3813,E-GEE,Economie générale et eco d'entreprise,38
3814,E-EED,"Economie générale, eco entreprise droit",38
3815,APRMT,Approfondissement méthodologique,38
3816,HIECO,Histoire économique,38
3817,ANMPE,Analyse monétaire politique économique,38
3818,ODOEC,Option à dominante économique,38
3819,E-TDR,Economie générale et touristique-droit,38
3899,E-ODI,Economie divers,38
3901,G-FDT,Gestion financière des travaux,39
3902,G-FIN,Gestion financière,39
3903,G-CAB,Gestion - comptabilité analytique-budgetai,39
3904,MOCTB,Module élémentaire comptabilité,39
3905,MT-QU,Méthodes quantitatives,39
3906,CPT-G,Comptabilité et gestion,39
3907,FIETB,Financement des entr et techn bancaires,39
3908,CPTTA,Comptabilité,39
3909,TXSYC,Travaux de synthèse comptabilité,39
3633,ASPPS,Aspects psychosociaux et juridiques,36
3634,I-EJU,Initiation économique et juridique,36
3635,DIMJE,Dimension juridico-economique,36
3636,GREGE,Gr (ent-gest -eco gen -e ent -droit soc ),36
3637,LGEGE,Legislation-economie-gestion entreprise,36
3638,LGTRS,Législation du travail et sécurité,36
3639,DR-DA,Droit général et droit des assurances,36
3640,RGLTT,Reglement et legis transports tourisme,36
3641,DR-CI,Droit civil,36
3642,DR-CO,Droit commercial,36
3643,SMSBU,Sciences médico-sociales et bureautique,36
3644,DRGIM,Droit général de l'immobilier,36
3645,DGSMQ,"Droit, gestion et mercatique appliquée",36
3699,DR-LD,Droit et législation divers,36
3701,MA-GI,"Maths appliquées, outils gestion -informatique",37
3702,APINF,Applications informatiques,37
3703,TTDON,Traitement des données,37
3705,TECIF,Technologies informatiques,37
3706,G-INF,Gestion et informatique,37
3707,STT,Sciences et technologies tertiaires,37
3708,NEGIF,Négociations informatiques,37
3709,ALGLG,Algorithme et langages,37
3710,TXAIN,Travaux d'application d'informat.,37
3711,G-AMG,Gestion et application math à la gestion,37
3713,ANOIF,Analyse organisation - informatisation,37
3714,IFAPG,Informatique appliquée à la gestion,37
3715,ITAGM,Informat telemat appli gest mercatique,37
3716,APROF,Approfondissements,37
3717,OU-GI,Outils de gestion et informatique appli,37
3601,ITDRE,Introduction au droit de l'entreprise,36
3602,DR-VG,"Droit, vie et gestion des entreprises",36
3603,LGSET,Législation et sécurité du travail,36
3604,E-GDR,"Economie, gestion et droit",36
3605,DR-LS,"Droit, législation sociale, organisation du travail",36
3606,DR-TR,Droit du travail,36
3608,DR-TP,Droit en travaux publics,36
3609,LEGIS,Législation,36
3610,LGSPA,"Législation, sécurité, prévention accident",36
3611,DR-TL,"Droit travail, législation sociale,organisation de l'entreprise",36
3612,RJCTC,Relations juridiques crédit travail contentieux,36
3613,AECJS,Actualité économique juridique et sociale,36
3614,G-ELT,Gestion entreprises-legislation travail,36
3615,LGRGS,Legislation-reglementation-securite,36
3616,DR-SF,"Droit des sociétés, droit fiscal",36
3617,PGXDR,Principes généraux du droit,36
3618,LGDEO,Législation déontologie,36
3619,LGTRA,Législation du travail,36
3620,DROIT,Droit,36
3621,I-JUR,Initiation juridique,36
3622,DR-FI,Droit fiscal,36
3623,DR-LG,Droit législatif,36
3624,DR-SO,Droit social,36
3625,I-DCI,Initiation au droit civil,36
3626,I-DCO,Initiation au droit commercial,36
3627,E-GLG,Economie gestion législation,36
3628,DR-CC,Droit civil et commercial,36
3629,DR-AP,Droit appliqué,36
3630,LGECO,Législation et économie,36
3631,LGOST,Législation et org scient du travail,36
3632,ATSIN,Action sociale et institutions,36
3438,AGTCC,Agent commercial de conduite,34
3439,VDISQ,Vente de disques et produits assimiles,34
3440,VCLAV,Vente claviers électronique -informatique musicale,34
3441,VBRUN,Vente de produits bruns,34
3499,E-GSD,Economie et gestion divers,34
3501,SDSCI,Secrétariat et documentation scientifique,35
3502,CORES,Correspondance,35
3503,SAIDO,Saisie données,35
3504,CORRA,Correspondance et rapport,35
3505,T-SEC,Techniques de secrétariat,35
3506,BURTQ,Bureautique,35
3507,UCLAV,Utilisation des claviers,35
3508,DACTL,Dactylographie,35
3509,PRPAR,Prise rapide de la parole,35
3510,STENO,Sténographie,35
3511,SCTLA,Secrétariat en langue étrangère A,35
3512,SCTLB,Secrétariat en langue étrangère B,35
3513,T-BSE,Techniques de base du secrétariat,35
3514,BUREA,Bureau,35
3515,MA1BU,Module d'approfond. 1 (bureautique),35
3516,MA2BU,Module d'approfond. 2 (bureautique),35
3517,I-OUB,Initiation aux outils de la bureautique,35
3518,MTPCP,Methode pratique de communication professionnelle,35
3519,O-GES,Organisation et gestion,35
3520,MTACP,Méthodologie action et conduite projets,35
3521,CMNLF,Communic profess secret langue française,35
3522,CMNLE,Communic profess secret langues étrangères,35
3523,O-GAI,Organisat gest activ natio internatio,35
3524,ATPRO,Actions professionnelles,35
3525,AIVPR,Aide à la vie professionnelle,35
3599,BRTSD,Bureautique et secrétariat divers,35
3407,VVHOR,Vente de végétaux horticoles,34
3408,COMGE,Commercialisation-gestion,34
3409,EXPCT,Exploitation entrepr com traditionnell,34
3410,ETOM,Etude des offres et marches,34
3411,MARKT,Marketing etud de marches études de cas,34
3412,FCTCO,Fonction commerciale,34
3413,ATVTA,Action vente appliquée,34
3414,T-COM,Techniques commerciales,34
3415,CMNNE,Communication et négociation,34
3416,G-CMF,Gestion ciale et manag force de vente,34
3417,VENTP,"Vente(tp,presentation,expr.,comportement",34
3418,ATTCA,Actions technico-commerciales appliquées,34
3419,COMIA,Commerce international applique,34
3420,MT-AC,Méthodes administratives et commerciales,34
3421,ATCOM,Action commerciale,34
3422,VLIBR,Vente en librairie,34
3423,T-TCI,Technique du commerce international,34
3424,BURCO,Bureau commercial,34
3425,N-COM,Enseignement commercial,34
3426,MQNEG,Mercatique et négociation,34
3427,ANTCO,Analyse technico-commerciale,34
3428,OU-GC,Outils de gestion commerciale,34
3429,MERCA,Mercatique,34
3430,SERVC,Service et commercialisation,34
3431,APRSE,Approfondissement sectoriel,34
3432,AIVPF,Aide à la vie professionnelle,34
3433,MQNMI,Mercatique négociation-management international,34
3434,AIPAR,Aide au partenariat,34
3435,ATCOC,Action et communication commerciales,34
3436,VPAMT,Vente produits arts maison table,34
3437,ANIML,Animalerie,34
3203,APB,APB,32
3204,PGIPR,Patho gene intro pharma radiobio,32
3205,PTTRT,"Patho ,therapeu ,tech radiodiag -therap",32
3206,T-RR,Techniques radiodiag et radiotherap,32
3207,SMS,Sciences médico-sociales,32
3208,STMS,Sciences et techniques médico-sociales,32
3209,STRAD,Stages radiologie,32
3210,ECMED,Éléments de connaissance médicale,32
3211,IMUNO,Immunologie,32
3212,HCYTO,Histologie cytologie,32
3213,HEMAT,Hématologie,32
390,ANGL COMM,Anglais commercial et technique,3
391,ANGL INFO,Langue anglaise appliquée à l'informatique,3
392,ANGL TECH,Anglais technique,3
393,TD LV1,Travaux diriges de langue vivante 1,3
394,TD LV2,Travaux diriges de langue vivante 2,3
396,LV SPECIA.,Langue vivante spécialisée,3
399,LANG.DIV,Langues divers,3
366,LV MODULE,Langue vivante module,3
371,LM.NENGONE,Mélanésien nengone,3
372,LM.PAICI,Mélanésien paici,3
368,MELANESIEN,Langues mélanésiennes,3
369,LM.AIJE,Mélanésien ajie,3
370,LM.DREHU,Mélanésien drehu,3
365,ALLEMAND D,Allemand dialectal,3
367,LR MOSELL.,Langues régionales des pays mosellans,3
360,LIMOUSIN,Limousin,3
361,NISSART,Nissart,3
362,PROVENCAL,Provençal,3
363,TAHITIEN,Tahitien,3
364,VIVARO-ALP,Vivaro-alpin,3
356,GASCON,Gascon,3
357,LANGDOCIEN,Languedocien,3
358,OCCITAN,Langue occitane,3
359,LR ALSACE,Langues régionales d'alsace,3
351,BASQUE,Basque,3
352,BRETON,Breton,3
353,CATALAN,Catalan,3
354,CORSE,Corse,3
355,GALLO,Gallo,3
331,TURC,Turc,3
332,LAOTIEN,Laotien,3
333,SUEDOIS,Suédois,3
350,AUVERGNAT,Auvergnat,3
327,ROUMAIN,Roumain,3
328,TCHEQUE,Tchèque,3
329,SERBOCROAT,Serbo-croate,3
330,PERSAN,Persan,3
323,HONGROIS,Hongrois,3
324,ISLANDAIS,Islandais,3
325,NORVEGIEN,Norvégien,3
326,MALGACHE,Malgache,3
319,BULGARE,Bulgare,3
320,CAMBODGIEN,Cambodgien,3
321,VIETNAMIEN,Vietnamien,3
322,FINNOIS,Finnois,3
315,ARMENIEN,Arménien,3
316,AMHARIQUE,Amharique,3
317,ARABE DIAL,Arabe dialectal,3
318,BERBERE,Berbère,3
313,POLONAIS,Polonais,3
314,RUSSE,Russe,3
310,JAPONAIS,Japonais,3
311,PORTUGAIS,Portugais,3
312,NEERLAND.,Néerlandais,3
308,HEBREU,Hébreu,3
309,ITALIEN,Italien,3
305,DANOIS,Danois,3
306,ESPAGNOL,Espagnol,3
307,GREC,Grec moderne,3
303,ARABE,Arabe,3
304,CHINOIS,Chinois,3
300,LANGUE VIV,Langue vivante,3
301,ALLEMAND,Allemand,3
302,ANGLAIS,Anglais,3
335,ALBANAIS,Albanais,3
334,AMERICAIN,Américain,3
373,CREOLE,Créole,3
9020,ISRLT,Enseignement religieux israélite,90
9030,PROTT,Enseignement religieux protestant,90
9031,LUTHR,Enseignement religieux luthérien,90
9032,CALVN,Enseignement religieux calviniste,90
9099,RLGDI,Enseignement religieux divers,90
4317,G-LEG,Gestion et législation,43
4318,O-EEC,Organi -exploita entreprises-chantiers,43
4319,G-VDE,Gestion et vie des entreprises,43
4320,GESTN,Gestion,43
4321,N-GES,Enseignement mise à niveau gestion,43
4322,E-GSE,Economie et gestion de l'entreprise,43
4323,MT-AG,Méthodes administratives et gestion,43
4324,G-ADM,Gestion des activités administratives,43
4325,I-GSE,Initiation à la gestion des entreprises,43
4326,T-ADM,Techniques administratives,43
4327,ENTGS,L'entreprise et sa gestion,43
4328,E-ENT,Economie d'entreprise,43
4329,O-EGE,Organisatio product :eco gest entreprise,43
4330,E-EGS,Economie d'entreprise et gestion,43
4331,MA-GG,Mathématiques générales appliquées gestion,43
4332,OADGS,Option à dominante gestion,43
4333,E-ORO,Economie et organisation d'une opération,43
4334,MT-GP,Méthodes d'administration et de gestion des PME PMI,43
4335,TXSAP,Travaux de synthèse et actions profess.,43
4336,GQUAL,Gestion de la qualité (gest entreprises),43
4399,G-DIV,Gestion divers,43
4401,TXSAC,Trav.prof.synth.et action.publici.appro.,44
4402,ETCPU,Etudes commerciales et études publicitaires,44
4403,SMCPU,Stratégie et moyens de communication publicitaire,44
4499,PUBDI,Publicité divers,44
5001,AGINF,Langue anglaise appliquée à l'informatique,50
5002,AGTEC,Anglais technique,50
5003,AGCOM,Anglais commercial et technique,50
5099,LGDIV,Langue technique diverse,50
9010,CATHO,Enseignement religieux catholique,90
4116,AP-TI,Atelier de pratique:techn info comm,41
4117,CMNOR,Communication et organisation,41
4118,ATCOA,Action et communication administratives,41
4119,EVISP,Expression visuelle et production,41
4120,ERACO,Etudes recherches appliquées à la communication,41
4121,STCOE,Stratégie de communication des entreprises,41
4122,CTCOM,Conception et technique de communication,41
4199,CMNDV,Communication divers,41
4201,TXASS,Travaux d'assurance,42
4202,BURAS,Bureau d'assurance,42
4203,DCASS,Différentes catégories d'assurance,42
4204,ASSMF,Assurances maritimes fluviales aériennes,42
4205,TXASY,Travaux d'application et de synthèse,42
4299,ASSUD,Assurances divers,42
4301,T-GES,Techniques de gestion et informatique,43
4302,DECPV,Découverte pratique vie orga entreprise,43
4303,INTEX,Intervention extérieure sur entreprise,43
4304,O-TRA,Organisation du travail,43
4305,G-ENT,Gestion de l'entreprise,43
4306,CNTGS,Contrôle de gestion,43
4307,E-OVE,Economie et orga et vie de l'entreprise,43
4308,O-GEN,Organisation et gestion de l'entreprise,43
4309,OU-MG,Outils mathématiques de gestion,43
4310,PGSEN,Principe de gestion entreprises,43
4311,O-PLN,Organisation et planification,43
4312,E-OEN,Economie et organi de l'entreprise,43
4313,ANADA,Analyse administrative et appliquée,43
4314,OU-GS,Outils de gestion,43
4315,VIENT,Vie de l'entreprise,43
4316,T-QTG,Techniques quantitatives de gestion,43
4029,CAEHT,Cond animat entreprise hôtelière,40
4030,TECCU,Technologie culinaire,40
4031,PR-CG,Pratique de la conduite des groupes,40
4032,PUBED,Publicité édition,40
4033,O-STT,Organisation de la station,40
4034,T-HEB,Technique de l'hébergement,40
4035,O-SEJ,Organisation des séjours,40
4036,E-GTL,Economie gest entre et org tour loisir,40
4037,RSOHU,Relations sociales et humaines,40
4038,T-HCP,Techniques accueil heberg communication prof,40
4039,ACMPR,Activités et manifestations professionnelles,40
4040,SCTEC,Sciences appliquées et technologie,40
4041,PCTRG,Patrimoine culturel et tourist régional,40
4042,TOURQ,Tourismatique,40
4099,HOTDI,Hôtellerie tourisme divers,40
4101,T-INF,Techniques d'information,41
4102,T-ANG,Techniques d'animation de groupes,41
4103,DEXPI,Discipline d'expression et d'information,41
4104,T-COA,Technique de communication - d'animation,41
3214,P-PSG,Prepa cert capa en prélèvement sanguin,32
3215,STHSP,Stage technique hospitalière,32
3216,ANATO,Anatomie,32
3217,ANAPP,Anatomie physiologie pathologie,32
3218,SMEDS,Stage milieu médical spécialisé,32
3219,HHCYT,"Hématologie, histologie, cytologie",32
3220,TECMA,Technologie matériels,32
3221,ANAMP,Anatomie-morphologie,32
3223,STBP,Sciences et techn biol et paramédicales,32
3224,IMNEP,Im med medec nucl 4rad elec pathol pharm,32
3299,PRMDI,Paramédical divers,32
3301,ESTCP,"Esthétique, cosmétique, parfumerie",33
3302,ETCRT,Etude de cas concrets,33
3303,T-HYH,Techniques de soins et hygiène hospitalière,33
3399,SPERD,Soins personnels divers,33
3401,VADIS,Vente à distance,34
3402,GDIST,Grande distribution,34
3403,VPRFR,Vente de produits frais,34
3404,VCETR,Vente à la clientèle étrangère,34
3405,VARVS,Vente d'articles vestimentaires,34
3406,TE-CO,Technico-commercial,34
3053,BLGHU,Biologie humaine,30
3054,AGROV,Agronomie et environnement,30
3055,BLGES,Biologie écologie agronomie spécialité,30
3056,P-CSS,Préparation aux concours sanitaire et social,30
3057,S-BT,Sciences biologiques et de la terre,30
3058,ECOAG,Ecologie - agronomie,30
3099,BTGBD,Biotechnologie génie bio divers,30
3101,ALIHU,Alimentation humaine,31
3102,E-FS,Economie familiale et sociale,31
3103,DACVQ,Domaines activités vie quotidienne,31
3104,MCESF,Mode intervention conseiller en ESF,31
3105,E-DOM,Economie domestique,31
3106,P-VSF,Préparation à la vie sociale et familial,31
3107,P-VSP,Préparation vie sociale et prof (ses),31
3108,E-SFQ,Economie sociale-familial appl quotidien,31
3109,HYGAL,Hygiène générale et alimentaire,31
3110,HYGPS,Hygiène prévention secourisme,31
3111,BANCS,Banc essai,31
3112,REGIM,Régimes,31
3113,STBPM,Sciences et techniques bio et paramédicales,31
3114,T-PRO,Techniques professionnelles,31
3115,VISTA,Visites stages,31
3116,BPDIE,Bases physiopathologiques de diététique,31
3117,NUTAL,Nutrition et alimentation,31
3118,CO-MV,Connaissance milieu vie et travail,31
3119,VSPRO,Vie sociale et professionnelle,31
3120,STHEV,Sciences et techno habitat environnement,31
3121,PRVSF,Prep à la vie sociale et familiale,31
3199,BTSAD,Biotechnologie santé divers,31
3201,ANAOM,Anatomie(osteologie-myologie),32
3202,FSPTM,Physiopatho terminologie médicale,32
3023,ALIAN,Alimentation animale,30
3024,BCHPH,Biochimie physiologie,30
3025,BCHMI,Biochimie microbiologie,30
3026,EXPRM,Exploitation des ressources de la mer,30
3027,GNRUR,Génie rural,30
3028,FA-MM,Fab mainten ds les dom rur et maritimes,30
3029,MI1TF,Meunerie et industries de 1ere transfor,30
3030,PHYSL,Physiologie,30
3031,MSPPA,Manipulation sci de phys papetiere,30
3032,SAMEP,Sciences app mise en oeuv d'etudes papetières,30
3033,PRD-P,Production et transformation (papier),30
3034,I-MAR,Initiation au milieu marin,30
3035,AGRON,Agronomie,30
3036,GNBTA,Génie biologique et techno analyse,30
3037,STL,Sciences et techno des laboratoires,30
3038,GLMIN,Géologie et minéralogie,30
3039,TECAC,Technologie des appareils correcteurs,30
3040,TPTAP,TP et technologie d'application,30
3041,D-TBT,Dessin technique (biotechnologie),30
3042,TECCH,Technologie construction de chaussures,30
3043,SPBSA,Sciences phy bio et sciences appliquées,30
3044,SCBAG,Sciences biologiques et agronomie,30
3045,BLGEC,Biologie - écologie,30
3046,AGRIV,Agriculture et environnement,30
3047,AMGEV,Aménagement et environnement,30
3048,BLGEM,Biologie écologie module,30
3049,HYDRO,Hydraulique,30
3050,GNPTE,Génie des procédés traitement des eaux,30
3051,SSSOC,Sciences sanitaires et sociales,30
3052,CMNAS,Communication en santé et action sociale,30
2882,CULAR,Culture artistique,28
2883,HIAGR,Histoire de l'art et de la gravure,28
2884,HIALI,Histoire de l'art et du livre,28
2885,CPLAC,Culture plastique - approche création,28
2886,CIPRO,Arts du cirque (enseignement professionnel),28
2887,MAPRO,Arts marionette (enseignement professionnel),28
2888,METAO,Méthode d'analyse des oeuvres,28
2899,MARDI,Métiers d'art divers,28
2901,BIJOU,Bijouterie,29
2999,ARDIV,Artisanat divers,29
3001,TDBIO,Travaux diriges de biologie,30
3002,GEOLO,Géologie,30
3003,TECSO,Technologie sondage,30
3004,ACEXT,Activités extérieures,30
3005,BLGGL,Biologie - géologie,30
3006,SCBIO,Sciences biologiques,30
3007,ETSPE,"Etude des syst prod equip,instal usines",30
3008,TECAL,Technologie de l'alimentation,30
3009,ACTEC,Activités technologiques,30
3010,I-TAD,Init travaux d'atelier de demi-grand,30
3011,BLGIE,Biologie,30
3012,ARBOR,Arboriculture d'ornement,30
3013,BLGAP,Biologie appliquee,30
3014,CH-IC,Chimie appliquée aux industries céréalières,30
3015,BLGVG,Biologie végétale,30
3016,OENOL,Oenologie,30
3017,TECCE,Technologie des céréales,30
3018,BLGCM,Biol cellulaire et moléculaire,30
3019,BLGAN,Biologie animale,30
3020,MIBIO,Microbiologie,30
3021,BCHBL,Biochimie biologie,30
3022,BCHIM,Biochimie,30
2849,AUDVI,Audiovisuel,28
2850,ADMTH,Administration (théâtre),28
2851,T-EXV,Techniques d'expression visuelle,28
2852,CI-AV,Cinema - audiovisuel,28
2853,REGIE,Régie,28
2854,CI-TG,Cinématographie,28
2855,PERUQ,Perruquage,28
2856,ACCES,Accessoirisme,28
2857,MAQIL,Maquillage,28
2858,TGOMU,Transpos.graphique d'une oeuvre musicale,28
2859,EX-PL,Expression plastique,28
2860,D-EPL,Dessin et expression plastique,28
2861,SDPCC,Scénographie-décor-personnages conception,28
2862,IMANI,"Interprétation, manipulation",28
2863,SDPCT,Scénographie-décor-personnages construction,28
2864,TECPL,Technologie du plateau,28
2865,EX-MU,Expression musicale,28
2867,DRAMS,"Dramaturgie, mise en scène",28
2868,A-DRA,Art dramatique,28
2869,T-PHO,Technique photographie,28
2870,ACOUS,Acoustique,28
2871,AP-CA,Atel de pratique : cinema - audiovisuel,28
2872,AP-TE,Atel de prat : théâtre exp dramatique,28
2873,CI-SP,Cinéma spécialité,28
2874,THTSP,Théâtre spécialité,28
2875,CI-PA,Cinéma option - pratique artistique,28
2876,THTPA,Théâtre option - pratique artistique,28
2877,HIASC,Histoire des arts et scénographie,28
2878,HITDR,Histoire du théâtre et dramaturgie,28
2879,SOSPC,Sociologie du spectacle,28
2880,SMACH,Scénographie -machinerie,28
2881,REGLU,Régie lumière,28
2815,EVCRP,Envir culturel et recherche plastique,28
2816,T-SON,Techniques du son,28
2818,TECRL,Technologie relations,28
2819,T-EVS,Techniques d'express visuelle et sémiologique,28
2820,TECOU,Technologie ouverture,28
2821,TPRAT,Travaux pratiques,28
2822,T-EXA,Techniques d'expression audiovisuelle,28
2823,HICVI,Hist des arts liée à la commu visuelle,28
2824,TECPM,Technologie profession-mach spectacle,28
2825,DCVIS,Document et communication visuelle,28
2826,HISPC,Histoire du spectacle,28
2827,CO-MS,Connaissance du monde du spectacle,28
2829,CMEDI,Comédie,28
2830,ETROL,Etude d'un rôle,28
2831,EX-VR,Expression verbale,28
2832,EX-CP,Expression corporelle,28
2833,SONPT,Sonorisation pratique,28
2834,ERSON,Enregistrements sonores,28
2835,ETRCO,Etude et réalisation de costumes,28
2836,ECLAR,Eclairagisme artistique,28
2837,SCENO,Scénographie,28
2838,THEAD,Theatre - expression dramatique,28
2839,EXEMD,Exécution maquettes décors accessoires,28
2840,RGLUM,Réglage de la lumière,28
2841,RGMES,Réglage d'une mise en scène,28
2842,RLVMS,Relevé d'une mise en scène,28
2843,SCEMX,Sciences appliquées et étude matériaux,28
2844,HITHE,Histoire du théâtre,28
2845,PEMAQ,Perruquage maquillage,28
2846,RDECO,Recherche en décors costumes,28
2847,T-EPH,Technique et expression photographique,28
2848,PHOTO,Photographie,28
2741,EX-PC,Expres plastique dessin création volume,27
2742,A-ATX,Arts appliqués aux textiles,27
2743,BCDNT,Bureau de création:TP et dessin technique,27
2744,T-PPG,Techniques de prod pub graph et audio,27
2745,ERGON,Ergonomie,27
2746,HIACO,Histoire de l'art et du costume,27
2747,T-HAB,Techniques de l'habillage,27
2748,T-MAE,Techniques maintenance - entretien,27
2749,ETDFO,Etudes et définitions des formes,27
2750,ETREA,Etudes et réalisations,27
2751,CREAA,Création artisanale,27
2752,CREAI,Création industrielle,27
2753,INFGR,Infographie,27
2754,CT-RE,Conception de réalisation,27
2755,T-REL,Techniques (ou technologie) de réalisation,27
2756,TECCO,Technologie de la communication,27
2757,HIDA,Histoire des arts,27
2799,MARAD,Métiers d'arts appliqués divers,27
2801,D-GEO,Dessin géométrique,28
2802,D-ART,Dessin d'arts,28
2803,PR-AR,Pratique artistique,28
2804,HIART,Histoire de l'art,28
2805,HICIV,Hist civilis et de leur exp art,28
2806,HISDN,Histoire des styles et dessins,28
2807,D-VOL,Dessin:volume,28
2808,D-COU,Dessin : couleur,28
2809,D-DOC,Dessin:document,28
2810,CPPVO,Composition plane et en volume,28
2811,MODVO,Modelage et études en volume,28
2812,A-TKC,"Arts, techniques et civilisation",28
2813,DSCRP,Descriptive,28
2814,RCHAR,Recherche artistique,28
2711,BCTEP,Bureau de création : tvx et études prat,27
2712,BCREA,Bureau de création : réalisation,27
2713,EDARA,Education artistique arts appliqués,27
2714,BCCOM,Bureau de création : communication,27
2715,MODCR,Modes convent. représentation,27
2716,D-ARA,Dessin d'arts appliqués,27
2717,BURET,Bureau d'étude,27
2718,HIATK,Histoire des arts et des techniques,27
2719,EDPAA,Education plastique et arts appliqués,27
2720,TECAP,Technologie approfondissement,27
2721,CPAAD,Composition art applique aux domaines,27
2722,ESTAP,Esthétique appliquée à la profession,27
2723,TXEPR,Travaux et études pratiques,27
2724,CREAT,Créativité,27
2725,T-GRA,Technique graphique,27
2726,D-TAC,"Dessin,technologie,atelier de création",27
2727,PERSP,Perspective,27
2728,ETDOC,Etude documentaire,27
2729,TECTP,Technologie et travaux pratiques,27
2730,CPARA,Composition d'arts appliqués,27
2731,TTGRA,Traitements graphiques,27
2732,EDAEI,Education artistique et esthétique indus,27
2733,BCCRC,Bureau de création : création céramique,27
2734,BCCPL,Bureau de création : création plastique,27
2735,ATCTS,"Atelier création reali,techno specialit",27
2736,BCAIN,Bureau création architecture intérieure,27
2737,BCSCM,Bureau création style et croquis de mode,27
2738,BCCTX,Bureau de création : création textile,27
2739,RPLAS,Recherches plastiques,27
2740,CAATR,Comp arts appl et tech repres projets,27
2499,GNEID,Génie électrique inform electro divers,24
2501,IMPRE,Impression,25
2502,FINIT,Finition,25
2503,P-FIM,Préparation de la forme imprimante,25
2504,EX-GR,Expression graphique,25
2505,TXPCP,Trav.prof.conduite production,25
2506,T-FAB,Technique de fabrication,25
2507,TECPT,Technologie professionnelle et travaux pratiques,25
2508,TECPG,Technologie des syst de production graphique,25
2509,DFPGR,Definit des proces production graphique,25
2510,PD-GR,Productique graphique,25
2511,TECSI,Technologie des syst d'information graphique,25
2512,O-OPG,Org mise en oeuvre processus graphiques,25
2513,CMNGR,Communication graphique,25
2599,IGRAD,Industrie graphiques divers,25
2601,EXPTR,Exploitation des transports,26
2602,MMSOU,Motorisation meca soudure,26
2603,ENCOQ,Entretien des coques,26
2604,CO-NA,Connaissance du navire,26
2605,HYDSD,Hydrostatique et hydrodynamique,26
2699,AUTAC,"Autres activités (conduite,navigation)dv",26
2701,ATTKA,Atelier et technologie appliquée,27
2702,EDAAA,"Education artistique, arts appliqués, ana",27
2703,ARCIE,Archi interieure et expression plastique,27
2704,A-CTA,Arts et civil-techniques agencement et habitat,27
2705,A-APP,Arts appliqués,27
2706,PLAST,Plastique,27
2707,ORGAN,Organologie,27
2708,TXPRO,Travaux professionnels,27
2709,TECEP,"Technologie spec -ethique,org profes legisla",27
2710,BCCRE,Bureau de création : créations,27
2301,ELMEC,Électricité et mécanique,23
2302,TPIEL,TP initiation à l'électricité,23
2303,PH-AE,Physique appliquée à l'électrotechnique,23
2304,ELTEO,Electrotechnique - électronique,23
2305,FA-TP,Fabrication réalisation TP,23
2306,ELCHI,Electrochimie,23
2307,ELTTK,Electrotechnique,23
2309,TECTS,Technologie des traitements de surfaces ost,23
2310,R-TPA,Réalisation (TP appareillage et S.A),23
2311,P-TOG,"Préparation (tech ost,gest prod )",23
2312,ELECT,Électricité,23
2313,CTELO,Construction (électrotechnique),23
2314,TECSF,Technologie schéma et fabrication,23
2315,R-TSU,Réalisation de traitements de surfaces,23
2316,ESSME,Essais mesures,23
2317,N-IND,Enseignement industriel,23
2399,GNEED,Génie électrique électronique divers,23
2401,ARCSI,Architecture des systèmes informatiques,24
2402,MT-IF,Méthodes informatiques,24
2403,TTNUM,Traitements numériques,24
2404,IFIND,Informatique industrielle,24
2405,IFTIQ,Informatique,24
2406,TECIA,Technologie maternels:informatique appl,24
2407,IFAPL,Informatique appliquée,24
2408,ME-II,Mécanique automatique et informatique indus,24
2409,AUIFI,Automatique et informatique industrielle,24
2410,IFAUT,Informatique et automatismes,24
2411,LOGIC,Logiciels,24
2412,MOSIF,Mise en oeuvre systèmes informatiques,24
2413,AUIFA,Automatique et informatique appliquées,24
2109,TPCEM,"TP:carburants, électricité, moteurs-organe",21
2110,TPATD,TP anal tech diag rep regl gest maint,21
2111,ETSYT,Etude des systèmes techniques,21
2112,RESMX,Résistance des matériaux,21
2113,G-MTP,"Gestion de maintenance, technologie, TP",21
2114,ANFST,Analyse fonctionnelle et structurelle,21
2115,ANFSE,Analyse fonct. struct. esth indus,21
2116,ANFME,Analyse fonctionnelle et mécanique,21
2117,MT-MA,Méthodes de maintenance,21
2118,TPMHS,TP maintenance hygiène sécurité,21
2119,ESSMO,Essais moteur,21
2120,ME-VB,Mécanique et vibrations,21
2199,GNMMD,Génie mécanique maintenance divers,21
2201,ELTRO,Électronique,22
2202,ETHMA,Etude théorique et schéma,22
2203,ELSIB,Eln et logique-servomecanismes instruments de bord,22
2204,P-OTS,Préparation organisation : technologie systèmes électriques,22
2205,MESES,Mesures et essais,22
2206,AUTMQ,Automatique,22
2207,ESSYS,Essai de systèmes,22
2208,ELTAP,Électrotechnique électronique appliquée,22
2209,R-SEL,Réalisation cont syst electroniques,22
2210,ELETR,Électricité et électronique,22
2211,APPEM,"Applications pratiques,essais et mesures",22
2212,TECSC,Technologie syst commande regul auto :schéma,22
2213,REGUL,Régulation,22
2214,ELOII,"Électronique, informatique industrielle",22
2215,ANMOS,Analyse et mise en oeuvre des systèmes,22
2220,ELOAI,Électronique automatique informatique indus,22
2221,G-ELC,Génie électrique,22
2299,CTAUD,Construction et automatisme divers,22
2046,AJUST,Ajustage,20
2047,ANFAB,Analyse fabrication,20
2048,AUCMA,Automatismes et commande de machines,20
2049,RGDYI,Régulation et dynamique des installations,20
2050,MICGR,Micrographie,20
2051,ETPAC,Etude des parties commandes,20
2052,P-OSP,Prep org suivi productions technologie fabrication,20
2053,CTMOU,"Construction,technologie des matériaux outillallages",20
2054,CNTQU,Contrôle qualité,20
2055,TECCT,Technologie de construction,20
2056,STSYP,Structure des systèmes de production,20
2057,ME-AP,Mécanique appliquée,20
2058,PD-MO,Productique systèmes motorises,20
2059,PD-SM,Productique structures métalliques,20
2060,PD-BM,Productique bois et matériaux associés,20
2061,PD-MC,Productique mécanique,20
2062,PD-MS,Productique matériaux souples,20
2063,AUCRG,"Automatique, contrôle et régulation",20
2070,PD-MT,Productique microtechniques,20
2071,C-OUT,Conception des outillages (product mécanique),20
2072,RE-CO,Réalisation et contrôle,20
2073,G-MEC,Génie mécanique,20
2099,GNMPD,Génie mécanique productique divers,20
2101,TECCS,Technologie cellules et systèmes,21
2102,MNMEC,Maintenance mécanique,21
2103,ME-AT,Mécanique appliquée moteur transmission,21
2104,MAINT,Maintenance,21
2105,ME-AV,Mécanique appliquée au véhicule,21
2106,ANTDI,Analyse technique dessin industriel,21
2107,TPITV,TP intervention,21
2108,TPAMN,TP atelier (maintenance),21
2013,D-TTC,Dessin technique technologie de construction,20
2014,PJTCT,Projet et technologie de construction,20
2015,MESUR,Mesures,20
2016,D-ITC,Dessin industriel et tech construction,20
2017,AUTMT,Automatismes,20
2018,MOPIN,Mise en oeuvre des processus industriels,20
2019,P-ORG,Preparation - organisation,20
2020,DFPRC,Définition des processus,20
2021,CTDNI,Construction et dessin industriel,20
2022,ATAUM,Atelier automatismes mesures,20
2023,ASAIF,Automatisation systèmes automatisés informatique,20
2024,USIMS,Usinage m.s.,20
2025,AVPRJ,Avant-projet,20
2026,PROJT,Projet,20
2027,ETPMM,"Etude:procedés, moyens, mise en oeuvre",20
2028,R-PRQ,Réalisation et contrôle (productique),20
2029,ANSPR,Analyse des syst de pro (productiq text),20
2031,TPPRD,Travaux pratiques production,20
2032,ETMMP,Etude méthodes et moyens de production,20
2033,ATGMP,Atelier (génie mécanique productique),20
2034,D-IND,Dessin industriel,20
2035,ETPOP,Etude des parties opératives,20
2036,MORFE,"Mise oeuvre-realis.(fabric.,essais,contrôle)",20
2038,P-OMH,Préparation et organisation: méthodes,20
2039,TPAEL,TP d'automatisme et d'électrotechnique,20
2040,R-SYS,Réalisation et contrôle de systèmes,20
2041,ETCCP,Etude de conception et construction de produit,20
2042,MITKA,Mesures industrielles et tech d'appareil,20
2043,PRODQ,Productique,20
2044,MICTK,Microtechniques,20
2045,FA-GM,Fabrication (génie mécanique productique),20
1901,D-CAT,Dessin de construction atelier,19
1902,PD-CT,Productique construction,19
1903,D-CTR,Dessin de construction,19
1904,ME-TS,Mécanique et technologie des structures,19
1905,D-IMC,Dessin industriel mécanique,19
1906,CTAUT,Construction et automatisme,19
1907,CTMAT,Construction mécanique appliquée techno,19
1908,P-MCM,Prepar orga methode const moules modèles,19
1909,TECPA,Technologie securité prev accidents travail,19
1910,TPEFB,Travaux pratiques étude fabrication,19
1911,TECMX,Technologie des matériaux,19
1912,CT,Construction (famille 19),19
1913,ETCST,Etude des constructions,19
1914,CTMEC,Construction mécanique,19
1915,ME-CT,Mécanique et construction,19
1916,T-TCM,Techniques graph techno constr des machines,19
1917,D-TGD,Dessin technique - géométrie descriptive,19
1918,TDATG,Trav.dirigés analy.technique et expr.gra,19
1919,OBPRD,Obtention des produits,19
1920,INPRD,Industrialisation des produits,19
1999,GNMCD,Génie meca construction divers,19
2001,P-OMF,"Préparation , organisation : méthodes, fabrication ,contrôle",20
2003,ME-ID,Mécanique industrielle,20
2004,MECAN,Mécanique,20
2005,PD-PO,Productique : préparation organisation,20
2006,ME-MX,Mécanique et résistance des matériaux,20
2007,ETMAI,Etude des mécanismes et autom indust,20
2008,ETCMA,"Etude système (construction, mécanismes,automatismes )",20
2009,TSA,Technologie des systèmes automatisés,20
1727,CALTO,Calculs topométriques,17
1728,GODSI,Géodésie,17
1729,D-HAC,Dessin arts appliqués -histoire architect construct,17
1730,TOPTA,Topographie (thème et application),17
1731,GR4GD,"Gr4 (dcs-geometrie descri.,tcs,mrm)",17
1732,ETCGC,Etude des constructions (génie civil),17
1733,ECPRP,Et.ct prix-real.piec.ecrit-org.p.d.const,17
1734,TECNU,Technologie des TP notions d'urbanisme,17
1735,ARCHI,Architecture,17
1736,MENCH,Menuiserie charpente,17
1737,ELBAT,Électricité du bâtiment,17
1738,TPELC,TP d'électricité,17
1739,PLBSA,Plomberie sanitaire,17
1740,BATIM,Bâtiment,17
1741,MACON,Maçonnerie,17
1742,T-BAT,Technique du bâtiment,17
1799,GNCID,Génie civil divers,17
1801,MOSYS,Mise en oeuvre des systèmes,18
1802,TMFAV,Thermo meca fluide appliquée véhicule,18
1803,TMDPP,Thermodynamique thermopropulsion,18
1804,AMFVU,Aerodynamique mécanique des fluides-vol.-tec.util,18
1805,ETCSY,Etude et conception des systèmes,18
1806,ETSYS,Etude des systèmes,18
1807,ETITL,Etude des installations,18
1808,R-INS,Réalisation et contrôle installations,18
1809,TMDMF,Thermodynamique mécanique des fluides,18
1810,OSTCH,Ost-chaudronnerie,18
1811,PREPA,Préparation,18
1812,FLDEG,Fluidique et énergétique,18
1813,FLDEA,Fluidique et énergétique appliquées,18
1814,TMDTM,Thermodynamique et thermique,18
1899,GNTHD,Génie thermique divers,18
1602,CH-ME,Chimie - metallurgie,16
1603,TECGQ,Technologie-gestion de la qualite-prod,16
1604,MT-DA,Methodes de developpement d'une application,16
1605,MAPLI,Montage d'appareils (laboratoire indus ),16
1606,T-FBR,Techniques de fabrication,16
1699,GNCHD,Genie chimique divers,16
1701,D-GCV,Dessin (génie civil),17
1702,TOPOG,Topographie,17
1703,GR3DV,"Gr3 (devis,et couts-prix,compta trav ,pr)",17
1704,CO-BA,Connaissances de base,17
1706,R-TEM,"Réalisation:topographie, essais, mesures,c",17
1707,PDATP,Projet:dessin d'architecture et travaux pratiques,17
1708,PXDOI,Principaux domaines d'intervention,17
1709,VPTTP,Visite et présentation techniques (TP),17
1710,CRQCO,Croquis cote,17
1711,R-TVX,Réalisation études et travaux,17
1712,ESSMC,"Essais, mesures, contrôle",17
1713,T-AF,Technique améliorations foncières,17
1714,MAKET,Maquette,17
1715,PHGRA,Photogrammétrie,17
1716,ARCCO,Architectures et composants,17
1717,R-OUV,Réalisation des ouvrages,17
1718,R-GCV,Réalisation et contrôle (génie civil),17
1719,P-CCH,Préparation et conduite de chantier,17
1720,TOPOL,Topologie,17
1721,METRE,Métré et étude de coûts,17
1722,O-CMO,Orga et gestion chantier-mise en oeuvre,17
1723,P-CHT,Préparation de chantier,17
1724,EOMST,Et.ouvr.:meca stru.-techno constructions,17
1725,GR5PM,"Gr5 (techno proc meth,droit-regle const )",17
1726,CADAS,Cadastre,17
1308,T-DEC,Techniques de décoration,13
1399,GNVCD,Génie industriel verre et céramique div,13
1402,P-OFC,Prep et organis fabrication et contrôle,14
1403,METAL,Métallurgie,14
1404,TRACG,Traçage,14
1499,GNSMD,Génie ind structures metal divers,14
1501,EVEXI,Environnement externe et interne,15
1502,T-CO,Techniques connexes(stoc manu trans meca,15
1504,CH-MP,Chimie matières plastiques,15
1505,MOPMM,"Mise oeuv.plast.,maint.materiels essais",15
1506,ETFGR,Etude fonctionnelle et graphique,15
1507,TPAPC,TP atelier (plastiques composites),15
1508,ETRIP,Etude et réalisation industr de produits,15
1509,ROMOP,Réalisation outillage pr mise oeuvre plastique,15
1510,ETCMP,Etude et contrôle matériaux et produc,15
1511,CT-OU,Conception des outillages,15
1512,O-FAB,Organisation des fabrications,15
1513,ETMLA,Etude des matériaux et laboratoire,15
1514,ETMDT,Etude matériaux et div tech trans plas,15
1515,TPMDE,TP de maintenance-dépannage équipements,15
1516,MPOSP,Materiaux-procedés orga - suivi product,15
1517,LAOTP,"Labo ,analyse,mise oeuv techno produits",15
1518,CT-PL,Conception (plastiques composites),15
1519,PH-AM,Physique appliquée aux matériaux,15
1520,PRD-C,Productions et contrôles,15
1521,CTCPO,Construction conception pièces outillage,15
1522,P-OTR,Préparation organisation travail,15
1523,O-BMT,Organisation production: bureau méthodes,15
1599,GNIPD,Génie indus plastiques divers,15
1601,TECGC,Technologie et génie chimique,16
1210,ETMTR,Etude du matériau,12
1211,D-TKM,Dessin technique machines,12
1212,D-PRO,Dessin professionnel,12
1213,MONOB,Mise en oeuvre de l'ennoblissement,12
1214,SPTMO,Sciences physiques et techno de matières d'œuvre,12
1215,ETSET,Etude des systèmes d'entretien articles textiles,12
1216,PRD-T,Product m en oeuv des proc entretien textiles,12
1217,TECCC,Technologie de construction chaussures,12
1218,TPTKA,Travaux pratiques et techno d'application,12
1219,D-TXT,Dessin technique (textile et cuir),12
1220,N-PCH,Enseignement professionnel chaussures,12
1221,TECGF,Technologie générale de fabrication,12
1222,TPHSP,"TP:hygiene,secur.prod.-reglages,rel.hum.",12
1223,TPTXT,Travaux pratiques (textile et cuir),12
1224,COUPE,Coupe (trace moulage),12
1225,O-IND,Organisation industrielle,12
1226,F-EST,Formation esthétique,12
1227,CUIRT,Cuir brut et tannerie,12
1228,TECFA,Technologie de fabrication,12
1229,G-OST,Gestion-organ scient travail,12
1230,CH-AE,Chimie appliquée à l'ennoblissement,12
1240,GNIND,Génie industriel,12
1299,GNITD,Génie industriel textile et cuir divers,12
1301,TPMIR,Travaux pratiques miroiterie,13
1302,ATTP,Atelier TP (famille 13),13
1303,R-EF,Réalisation d'ensembles fonctionnels,13
1304,SCAPF,Sciences appliquées à la profession,13
1305,TPFAB,Travaux pratiques de fabrication,13
1306,CP-EO,Conception produits - étude outillages,13
1307,MPMEO,Matériaux et procédés de mise en oeuvre,13
1117,A-TMH,Arts et tech du mobilier et de l'habitat,11
1118,BUREM,Bureau d'études méthodes fabrication pos,11
1119,HYGSP,Hygiène sécurité prévention,11
1120,MRMNB,Monographie reco.macr.negoce du bois,11
1121,APINP,Applications industrielles papeterie,11
1122,EQBOI,Equipements annexes des industries du bois,11
4211,EJBCA,Ens eco jur out bur tec comm comp adm,42
2772,BURCR,Bureau de création,27
4043,DVTOU,Développement touristique,40
4044,EVTOU,Environnement touristique,40
4045,NGTOU,Négociation touristique,40
4046,CCTOU,Concep commerc produits touristiques syst infq,40
4047,AAPRO,Accueil animation professionnels,40
1747,COTOP,Connaissances topographiques,17
1748,DIGEO,Domaines d'intervention du géomètre,17
679,OPTGP,Optique géométrique et physique,6
680,ETSOP,Etude technique des systèmes optiques,6
3232,ANVIS,Analyse de la vision,32
3233,MSFAC,Mesures faciales,32
3234,ERCEQ,Etude réalisation contrôle d'équipement,32
3235,MAGAP,Magasin d'application,32
3062,IALAB,Informatique appliquée au laboratoire,30
3063,EXPAN,Expérimentation animale,30
3236,IMHCY,Immunologie histologie cytologie,32
2773,BCRDV,Bureau de création:recherche et developt,27
2414,AULOG,Automatismes et logique,24
3237,ERGSE,Sécurité et ergonomie,32
3122,QUALI,Qualité (famille 31),31
681,SPCHA,Sciences physiques et chimie appliquée,6
4128,OUCOT,Outils de la communication technique,41
2415,XAO,XAO,24
2076,AELTT,Automatisme et electrotechnique,20
3064,BBM-E,Biochimie biologie microbiologie des eaux,30
2774,RCONV,Représentation conventionnelle,27
2895,RECHA,Recherche appliquée (arts),28
2224,AIIAL,Automatique informatique indus électronique,22
1309,SYOPT,Système optique,13
1310,PROPT,Production optique,13
1311,PRMEC,Production mécanique (optique),13
3065,SCALI,Sciences des aliments,30
2896,SMSON,Studio de montage et de son,28
2897,SFTEC,Studio de fabrication - technologie,28
2606,LOGTQ,Logistique,26
2607,MANMC,Manutention mécanisée,26
3914,CPT-R,Comptabilité approfondie et révision,39
116,SEMIO,Sémiologie,1
428,HECRI,Histoire des écritures,4
2517,ATGRA,Atelier (arts graphiques),25
2518,LABEG,Laboratoire expérimentations graphiques,25
682,PCMET,Physique chimie métallurgie,6
1413,TTTUY,Technologie - traçage - tuyauterie,14
1414,GPDVQ,Gestion de production - devis - qualité,14
1415,PCHAN,Préparation du travail - chantier,14
1527,MCOMP,Matériaux composites,15
1416,TKMEO,Techniques de mise en oeuvre,14
1417,RPROJ,Thème (réalisation projet),14
4048,ACSPE,Accueil de touristes à besoins spécifiques,40
1037,EPS5H,Education physique sportive (5 heures),10
3647,DRSOC,Droit des sociétés,36
429,ECJS,Education civique juridique et sociale,4
3724,IFGCM,Informatique de gestion et communication,37
231,AIFRA,Aide individualisée en français,2
683,AIMAT,Aide individualisée en mathématiques,6
2416,MANIN,Mise à niveau en informatique,24
84,VICLA,Vie de la classe,0
2898,ATEXA,Atelier d'expression artistique,28
3066,EATCI,Ecologie-agronomie-territoire-citoyennet,30
85,AIAUT,Aide individualisée autres matières,0
3822,ENVEC,Environnement économique,38
1815,ENFLE,Énergétique fluidique environnement,18
1816,RMOPT,Réalisation mise en o procedures (gen thermiq),18
23,TPE,Travaux personnels encadres,0
405,HISTE,Histoire sciences techniques entreprises,4
1749,COOTX,Coordination de travaux,17
1123,ATSPE,Atelier spécialité ébénisterie,11
1124,MESPP,Mesures et modèles processus papetiers,11
1125,TECIP,Technologie des industries papetières,11
1126,EFPAP,Etude fonction et structures des systèmes,11
1127,ERPAP,Et.relat.produits-procedes(génie papetier),11
1128,ESPAP,Etude systémique process (génie papetier),11
1129,CPPAP,Conduite des process (génie papetier),11
1130,EEPBA,Expérimentation et essais (prod bois-am),11
1131,ETINT,Etude d'industrialisation et technologie,11
1132,QUALB,Qualité (productique bois ameublement),11
1133,FSECB,Fabrication et sécurité (prod bois am ),11
1134,E-TMT,Etude techno moyens de transfo (génie papetier),11
1135,MOGMT,Mise en o. gest.moyens de transf.(g.pap),11
1199,GNIBD,Génie industriel du bois divers,11
1201,D-PRJ,Dessin et projet,12
1202,TECAT,Technologie application et travaux pratiques,12
1203,D-PAR,Dessin professionnel artistique,12
1204,TECCP,Technologie de complément,12
1205,CTPRD,Construction du produit,12
1206,D-APF,Dessin applique à la profession,12
1207,MOEUV,Mise en oeuvre,12
1208,TECCM,"Technologie construction mach, etude matériels",12
1209,FA-TC,Fabrication (textile et cuir),12
1017,SKI,Ski,10
1018,TENIS,Tennis,10
1019,TENIT,Tennis de table,10
1020,TIRAC,Tir à l'arc,10
1021,VOLEY,Volley Ball,10
1022,ESCAL,Escalade,10
1023,SKIFD,Ski de fond,10
1025,HPPEQ,Hippologie et équitation,10
1026,AP-PS,Atelier de pratique phys et sportives,10
1027,CANOK,Canoe kayak,10
1028,GYMRS,Gymnastique rythmique et sportive,10
1029,PAROU,Patinage artistique sur roulettes,10
1030,GLADS,Sports de glace (danse sur glace),10
1031,VOLEF,Volley-ball féminin,10
1032,VOLEM,Volley-ball masculin,10
1033,SPAQT,Sport aquatique,10
1034,CYCLI,Cyclisme,10
1035,VOILE,Voile,10
1036,GOLF,Golf,10
1099,EPSDI,EPS divers,10
1102,ATTSE,Atelier techno spécialité ébénisterie,11
1103,HIAAS,Histoire de l'art et analyse des styles,11
1105,ETFAB,Etude de fabrication,11
1106,ETSYC,Etude des systèmes constructifs,11
1107,TPFAS,"TP: fabrication, site",11
1108,TECSP,Technologie de spécialité,11
1109,CALST,Calcul des structures,11
1110,TECEB,Technologie générale ébénisterie,11
1111,TECSE,Technologie spécialité ébénisterie,11
1112,P-OR,Préparation et organisation,11
1113,R-GIB,Réalisation et contrôle (gen indus bois),11
1114,HISTY,Histoire des styles,11
1115,TECCN,Technologie et construction,11
1116,XYLOG,Xylologie,11
831,CHANT,Chant,8
832,MUSIQ,Musique,8
833,HIMUD,Histoire de la musique et de la danse,8
834,N-ART,Enseignement artistique,8
835,AP-MU,Atel de pratique : musique,8
836,MUSPE,Musique spécialité,8
837,MUSPA,Musique option - pratique artistique,8
838,MUSCO,Musicologie,8
899,EDMUD,Education musicale divers,8
901,A-PLA,Arts plastiques,9
904,EDEST,Education esthétique,9
905,EDART,Education artistique,9
906,I-EST,Initiation esthétique,9
907,GRAPH,Graphisme,9
908,VOLUM,Volume,9
909,COULR,Couleur,9
910,AP-AP,Atelier de pratique : arts plastiques,9
911,A-PSP,Arts plastiques spécialité,9
912,A-PPA,Arts plastiques option - prat artist,9
999,A-PLD,Arts plastiques divers,9
1001,EPS,Education physique et sportive,10
1002,ACSPS,Activités sportives spécialisées,10
1003,EQUIT,Equitation,10
1004,ESCRI,Escrime,10
1005,EPSPA,Education physique et sportive de plein air,10
1006,AP-PP,Atelier de pratique :prat phys sport,10
1007,ATHLE,Athlétisme,10
1008,AVIRO,Aviron,10
1009,BASKT,Basket-ball,10
1010,FOOTB,Football,10
1011,GYMGA,Gymnastique garçons,10
1012,GYMNA,Gymnastique,10
1013,HANDB,Handball,10
1014,JUDO,Judo,10
1015,NATAT,Natation,10
1016,RUGBY,Rugby,10
721,TECME,Technologie : métallurgie,7
722,TECDE,Technologie et dessin,7
723,TECES,Technologie des équipements et supports,7
724,T-MEO,Techniques et mise en oeuvre,7
726,MOETP,Module: enseign. techno. et professionnel.,7
727,ETDIF,Enseignement technologique différencié,7
799,TECDI,Technologie divers,7
801,HIMCO,Histoire musique-critique oeuvres enreg,8
802,DISTI,"Dictée, solfège, technique instrumentale",8
803,DISOL,"Dictée, solfège",8
804,T-INS,Technique instrumentale,8
805,DISTM,"Dictée, solfège, théorie musicale",8
806,ENITM,Ensemble instrumental,8
807,HARMO,Harmonie,8
808,SOLFG,Solfège,8
809,CHANK,Chant choral,8
812,N-MUS,Enseignement musical,8
813,EDMUS,Education musicale,8
816,EXEIN,Exécution instrumentale,8
817,EXECH,Exécution chorégraphique,8
818,HIMUS,Histoire de la musique,8
819,I-OMU,Initiation aux oeuvres musicales,8
820,DIMUS,Dictée musicale,8
821,ANALY,Analyse,8
822,LECVI,Lecture à vue instrumentale,8
823,MUSEN,Musique d'ensemble,8
824,HARSO,Harmonie ou solfège,8
825,DANSE,Danse,8
826,PR-IS,Pratique instrumentale,8
827,TECIV,Technologie instrumentale et vocale,8
828,KORAL,Chorale,8
829,TPENR,Travaux pratiques d'enregistrement,8
830,HASOK,Harmonie ou solfège ou chorégraphie,8
666,SVT-S,Sciences de la vie & de terre spécialité,6
667,ATGCH,Atelier de génie chimique,6
668,OPTIQ,Optique,6
669,SPHCA,Sciences phys et physique chimie appliquées,6
670,S-IND,Sciences industrielles,6
671,CHI-4,Chimie (4 heures cpge : pcsi),6
672,CHI-2,Chimie (2eme periode cpge : psi),6
673,SC-IG,Sciences de l ingénieur,6
674,CH-TC,Chimie et technologie chimique,6
675,PH-TP,Physique et technologie physique,6
676,S-IN4,Sciences indust 4 heures 2e période mpsi,6
677,S-IN2,Sciences industr 2 heures mpsi,6
699,SCDIV,Sciences divers,6
701,TECTD,Technologie et travaux diriges,7
702,TECRE,Technologie et réalisation,7
703,TECAV,Technologie appliquée au véhicule,7
704,MESAU,Mesures et automatismes,7
705,T-IND,Techniques industrielles,7
706,TECAI,Technologie et automatismes industriels,7
707,CNTRE,Contrôle et régulation,7
708,TECHN,Technologie,7
709,TECGL,Technologie générale,7
711,G-TPR,Enseignement technologique-professionnel,7
712,T-REA,Technique et réalisation,7
713,TECIN,Technologie industrielle,7
714,TECMT,Technologie appliquée moteur-transmission,7
715,D-TEC,Dessin et technologie,7
716,TECPR,Technologie professionnelle,7
717,TECTA,Technologie et travaux d'atelier,7
718,TECIM,Technologie industrielle module,7
635,CH-CO,Chimie générale et chimie organique,6
636,CH-GI,Chimie générale et inorganique,6
637,MOSPH,Module sciences physiques,6
638,CH-OR,Chimie organique,6
639,CH-AM,Chimie appliquée aux matériaux,6
640,MA-MO,Mathématiques module,6
641,OPEAC,Optique électronique acoustique,6
642,PH-CM,Physique chimie module,6
643,SPHSA,Sciences physiques et sciences appliquées,6
644,SVTMO,Sciences de la vie et de la terre module,6
645,SCNAT,Sciences naturelles,6
646,LABO,Laboratoire,6
647,SPHPA,Sciences physiques et physique appliquée,6
648,UIFCH,Utilisation de l'informatique en chimie,6
649,IESP,Informatique et électronique en sc ph,6
650,STATI,Statistiques,6
651,MA-AQ,Mathématiques appliquées et statistiques,6
652,TSP,Techniques des sciences physiques,6
653,G-SCI,Enseignement scientifique,6
654,PH-MT,"Physique : mécanique, thermique, fluidique",6
655,CH-AP,Chimie appliquée,6
656,OPPHC,Optique et physico-chimie,6
657,PHYSI,Physique,6
658,TPPHY,Travaux pratiques de physique,6
659,TPCHI,Travaux pratiques de chimie,6
660,TECSH,Technologie et schéma,6
662,SCEXP,Sciences expérimentales,6
663,MA-AS,Mathématiques appliquées spécialité,6
664,MA-SP,Mathématiques spécialité,6
665,PH-CS,Physique chimie spécialité,6
608,TDPHY,Travaux diriges de physique,6
609,CH-MN,Chimie minérale,6
610,TDMAT,Travaux dirigés de mathématiques,6
611,SCAPL,Sciences appliquées,6
612,CFOSC,Complément de formation scientifique,6
613,MATHS,Mathématiques,6
614,MA-RF,Mathématiques renforcées,6
615,MA-AP,Mathématiques appliquées,6
616,MA-IF,Mathématiques informatique,6
617,MA-SC,Maths sciences,6
618,MA-PH,"Mathématiques, sciences physiques",6
619,OPTIM,Optique optoélectronique et imagerie,6
620,MA-SI,Mathématiques statistiques informatique,6
621,MA-ST,Mathématiques et statistiques,6
622,MA-ME,Mathématiques et mécaniques,6
623,PH-CH,Physique-chimie,6
624,SCPHY,Sciences physiques,6
625,TPSPH,TP de sciences physiques,6
626,PH-LI,Physique(labo industriel et recherche,6
627,PH-IN,Physique industrielle,6
628,SCPHA,Sciences physiques appliquées,6
629,SVT,Sciences de la vie et de la terre,6
630,PH-AO,Physique appliquée optique,6
631,PH-EL,Physique électricité,6
632,CH-LI,Chimie(labo industriel et recherche),6
633,CHIMI,Chimie,6
634,SCTKN,Sciences appliquées et technologies nouvelles,6
415,CO-MC,Connaissance du monde contemporain,4
416,HIGIC,"Histoire, géographie, instruction civique",4
417,CIVLS,Civilisation,4
418,HIANC,Histoire ancienne,4
419,HICTX,Histoire-commentaire de textes,4
420,HGECV,"Hist -geo , economie et éducation civique",4
421,HIGCV,Histoire-geographie-education civique,4
422,HIGLP,"Hist-géographie, législation professionnelle",4
499,HIGDV,Histoire et géographie divers,4
501,TDECO,Travaux diriges d'économie,5
502,SECO,Sciences économiques,5
503,E-OAN,Économie (analyse des économies),5
504,I-ESC,Initiation économique et sociale,5
505,I-ECO,Initiation économique,5
506,STECO,Sciences et techniques économiques,5
507,SES,Sciences économiques et sociales,5
508,E-OAP,Économie appliquée,5
509,E-OSS,Économie et sciences sociales,5
510,E-OSO,Économie et social,5
511,SESMO,SES module,5
512,SESDB,SES débutants,5
513,SESPE,Sciences économiques spécialité,5
514,E-HSC,Anal econom historiq societes contempor,5
515,I-SEC,Initiation aux sciences économiques,5
599,SECSD,Sciences économiques et sociales divers,5
602,TPPHC,Travaux pratiques de physique-chimie,6
603,CH-GE,Chimie générale,6
605,TPMAT,Travaux pratiques mathemat. sup. ou spe.,6
606,SCIEN,Sciences,6
607,MA-AI,Mathématiques appliquées et informatique,6
401,HIGHO,Histoire et géographie hôtelière,4
402,I-MDC,Initiation au monde contemporain,4
403,HIGEC,Histoire et géographie économique,4
404,HIFES,Histoire faits économiques et sociaux,4
406,HIGEO,Histoire et géographie,4
407,HIGMO,Histoire géographie module,4
408,HISTO,Histoire,4
409,GEOGF,Géographie,4
410,GEOGT,Géographie générale et touristique,4
411,GEOAT,Géographie appliquée au tourisme,4
412,GEOAP,Géographie appliquée,4
413,GEOEC,Géographie économique,4
414,EDCIV,Education civique,4
218,T-ANA,Techniques d'analyse,2
219,EVLAR,Environnement littéraire et artistique,2
220,ECEXF,Ecriture et expression française,2
221,FR-HG,Français - histoire - géographie,2
223,LETTR,Lettres,2
224,GRESP,Grec spécialité,2
225,LATSP,Latin spécialité,2
226,CGPCO,Culture générale pratique de la communication,2
227,FR-PH,Français philosophie,2
228,CULCO,Culture et communication,2
299,LETDI,Lettres divers,2
1,PBSCU,Problèmes socioculturels,0
2,CPORT,Comportement,0
3,ACAUT,Activités autonomes,0
4,STAGE,Stages,0
5,EDSCU,Education socioculturelle,0
6,P-STA,Préparation stages,0
7,ACPER,Activités personnelles,0
8,F-GEN,Formation générale,0
9,ETPRA,Etude pratique (ses),0
10,F-PRO,Formation professionnelle (ses),0
11,IMTRA,Information monde travail,0
12,F-PRA,Formation pratique,0
13,PR-PF,Pratiques professionnelles,0
14,SOUTN,Soutien,0
15,ALLEG,Allégement,0
16,HYGSC,Hygiène sécurité,0
17,CULGE,Culture générale,0
18,MADIV,Matières diverses,0
19,ACMIP,Activités en milieu professionnel,0
20,ACPPD,Activités personnelles et professionnelles dirigées,0
21,I-RHU,Initiation aux relations humaines,0
22,MOADP,Modules d'adaptation,0
25,REHUM,Relations humaines,0
26,F-RHU,Formation relations humaines,0
27,EDGTM,Education gestuelle Travaux manuels(SES),0
28,BRIDG,Bridge,0
29,BRAIL,Braille,0
30,PR-SC,Pratiques sociales et culturelles,0
31,MODUL,Module,0
32,AMEXP,Acquisition des moyens d'expression,0
33,TX-IP,Travaux initiative personnelle encadres,0
80,MOENG,"Modules (français, maths,hist-geo, LV1)",0
81,AAALO,Actions appliquées et d'adaptation locale,0
82,ARRDI,Accès en responsabilité aux ressources doc. informatisées ets,0
83,ETUDE,Etudes (dirigées ou encadrées),0
99,ACNSD,Activités non spécialisées diverses,0
101,CULSH,Culture générale et sciences humaines,1
102,PHI-R,Philosophie renforcée,1
103,PHILO,Philosophie,1
104,SCHUM,Sciences humaines,1
106,PSY-S,Psychologie sociologie,1
107,PSY-P,"Psychologie, psychosociologie",1
108,SOCIO,Sociologie,1
109,ESTSE,Esthétique sémiologie,1
111,PSY-G,Psychologie et pédagogie,1
112,PSYSE,"Psycho-sociologie, esthétique, sémiologie",1
113,PSYCO,Psychologie de la communication,1
199,PHI-H,Philosophie sciences humaines divers,1
201,LATIN,Latin,2
202,GREC,Grec ancien,2
205,FR-PA,Français et éléments de psychologie appliquée,2
206,EX-RU,Expression française -relations humaines,2
207,FRANC,Français,2
208,FR-MO,Franchis module,2
210,THEME,Thème,2
211,FR-MT,Français maths (ses),2
212,CULEF,Culture et expression française,2
213,EXPRS,Expression,2
214,EX-FR,Expression française,2
215,T-EEO,Techniques d'expression écrite et orale,2
216,FR-SH,Français sciences humaines,2
217,FR-PE,Français et problèmes économiques,2
425,GEFRA,Géographie historique de la France,4
423,HICON,Histoire contemporaine,4
424,HIMOD,Histoire moderne de la France,4
229,LITCI,Littérature et civilisation étrangère,2
516,SCSOC,Sciences sociales,5
5004,ANGL,Anglais,50
5005,LGMOD,Langue vivante module,50
2758,D-CON,Dessin de conception et d'application,27
2759,HITEC,Histoire des techniques,27
2074,COPAC,Conception des parties de commande,20
2075,COPOP,Conception des parties operatives,20
1743,ARCON,Architecture de la construction,17
1744,FABMI,Fabrication mise en oeuvre,17
728,QUAEX,Qualité expérimentation,7
4123,CMGRH,Communication gestion ressources humaines,41
3442,G-COM,Gestion commerciale,34
1745,CONST,Construction,17
2514,HIECR,Histoire sémiologie metamorph écritures,25
2515,D-TYP,Calligraphie dessin typographie mise en page,25
2516,TYPNU,Typographie numérique et informatique,25
4124,TECIC,Technologie informatique et de communication,41
2760,CR-DS,Création design,27
2761,CU-DS,Culture design,27
34,EDUOR,Education à l'orientation,0
230,LCR,Langues et cultures régionales,2
114,IMACS,"Image:communication sémiologie, esthétique",1
678,PHCHA,"Physique appliquée, chimie appliquée",6
2222,GEIAP,"Génie électrique, informatique appliquée",22
4337,OGCOM,Organisation gestion commerciales,43
3820,ECEND,Economie d'entreprise et droit,38
4338,GLMOM,Gest legisl mercatiq outils mathem,43
2762,STUCR,Studio de création,27
2763,ARVIS,Arts visuels et appliqués,27
729,NOUTK,Nouvelles technologies,7
3720,AMSIQ,Architecture materielle systèmes informatiques,37
3721,ALSIQ,Architecture logicielle systèmes informatiques,37
3722,DAIGL,Dvlpt applications informatiques génie logiciel,37
4339,GEOSI,Gest entrepr org syst information,43
3723,ACPIG,Actions professionnelles (informatique gestion),37
3526,RATTR,Rattrapage (enseignement professionnel),35
1746,E-OUV,Etudes des ouvrages,17
3821,ETECO,Etudes techniques et économiques,38
2766,LABPV,Labo photo ou vidéo,27
4125,TINFC,Technologie information et communication,41
3226,C-MED,Connaissances médicales,32
3227,TPPOD,Travaux pratiques (podo-orthesiste),32
3228,TPPRT,Travaux pratiques (prothesiste.-orthesiste),32
2889,HADEC,Histoire de l'art et du décor,28
2890,HSVCA,"Hist spect vivant,cinema,audiovisuel",28
2764,TEDEC,Techniques du décor,27
2891,TCIRQ,Technique de cirque,28
2892,TSPEC,Technique de spectacle,28
2893,SPECS,Spécialisation (cirque et spectacle),28
2765,R-DEV,Recherche et développement,27
730,TCMET,Technologie - méthodes,7
1241,LGTEC,Langage technique,12
1242,ATCGP,Atelier-controles et gestion de product,12
731,SCTCI,Sciences et techniques industrielles,7
4340,COGDF,Communic org gest dossiers fonctionnels,43
839,FOMUS,Formation musicale,8
840,ENSVI,Ensemble vocal et/ou instrumental,8
2767,ARCAS,Etude de cas (arts appliqués),27
2768,EPFRA,Expres plastiq fondam -recherche appliq,27
2769,EPRAM,Exp plastiq fond -recherch.appliq. max,27
2770,CREIP,Création industrielle : produit,27
2771,CREIE,Création industrielle : environnement,27
913,TROID,Compréhension 3d,9
115,PHIAR,Philosophie générale de l'art,1
426,HIMED,Histoire médiévale,4
427,HISMC,Histoire moderne et contemporaine,4
1405,ESOUT,Etude des systèmes d'outillage,14
1406,EPROC,Etude des processus,14
1407,LABSM,Laboratoire (structures métalliques),14
1408,REASM,Réalisation,14
1409,ESYST,Etude des systèmes str métalliques,14
1410,TGQPR,Technologie gestion qualité prévention,14
1411,EMMPG,Etud moulage méthode prep gest product,14
1412,MEORL,MEO réalisation (fabrication essais contrôles),14
1922,EXMMA,Etude expe maintenance mater agricoles,19
4206,FONDA,Fondamentaux de l'assurance,42
4207,TASSU,Technique d'assurance,42
4208,AVPRO,Aide à la vie professionnelle assurance,42
4126,COTCO,Communication techniques commerciales,41
4209,ATRSP,Assurances transports,42
3229,APPAP,Application de l'appareillage,32
3230,ETCAP,Etude et conception de l'appareillage,32
3231,REAAP,Réalisation de l'appareillage,32
914,FESTH,Formation esthétique (sai),9
3304,COSME,Cosmétologie,33
3305,TALOC,Technologie des appareils et des locaux,33
4127,TOIFA,Techniques d'org techniq info formation animation,41
3306,TESTH,Techniques esthétiques,33
2894,ARMAQ,Art et maquillage,28
3059,GEIND,Génie industriel bio,30
3060,GEPRO,Génie des procédés,30
3061,STBIO,Sciences et techno des bio-industries,30
1524,TEPRO,Technologie étude de procédés,15
1525,LANGT,Langage technique plasturgie,15
1526,PSCQG,Production suivi contrôle qualité gestion,15
3443,VHABT,Vente de produits de l'habitat,34
3646,DRTPR,Droit professionnel,36
732,ENSTC,Enseignement technique,7
2223,ELIOP,Electron informatiq ind optoelectroniq,22
4210,EOASS,Economie et organisation de l'assurance,42
1705,PRJBA,Projet de bâtiment,17
1750,GCMTP,Génie civil et matériels travx publics,17
2121,MEPSM,Modélisation étude prédictive systèmes mécaniques,21
2122,EMMTP,Etud expe maintenanc materiels trvx pub,21
3444,VTVIN,Vente de vin,34
3445,CPSMB,Commerc prdts serv micro-inform bureautq,34
3446,VTPBF,Vente produits bancaires et financiers,34
3447,VTPAA,Vente de produits agroalimentaires,34
86,RANIV,Remise à niveau,0
3238,IEXPA,Immunologie et expérimentation animale,32
3239,HEHIC,Hematologie-histologie-cytologie,32
35,PPCP,Projet pluridisciplinaire à caractère professionnel,0
36,APD,Activités professionnelles dirigées,0
684,MAPSP,Mathématiques appliquées sc physiques,6
3648,VEJEC,Vie eco.jurid. de l'entrep. Commercialisation,36
3725,CEIPE,Connaissance de l'entrep init pratiq informatiq,37
1038,ATEPS,Atelier d'éducation physique et sportive,10
4341,GEXPL,Gestion de l'exploitation,43
688,PCLAB,Physique et chimie de laboratoire,6
3067,BIOLP,Biologie de laboratoire et paramédicale,30
3068,AGTCI,Agronomie-territoire-citoyenneté,30
232,FRLIT,Français et littérature,2
902,APLA5,Arts plastiques 5 heures,9
2828,CIAV5,Cinema - audiovisuel 5 heures,28
2817,THED5,Theatre expression dramatique 5 heures,28
814,MUSI5,Musique 5 heures,8
815,DANS5,Danse 5 heures,8
2775,HIDA5,Histoire des arts 5 heures,27
2002,INSTR,Instrumentation,20
3649,CASVQ,Cadre pol jur act soc vie quotidienne,36
110,PSYKO,Psychologie,1
3123,METSO,Méthodologie du travail social,31
3069,BASAN,Biologie appliquee - santé,30
3124,ALTHP,Alimentation théorique et pratique,31
3125,HABAM,Habillement ameublement,31
3126,APSEC,Actions professionnelles (bio.sant.env.collec),31
4129,COMTC,Communication commerciale et technique,41
725,TMNUM,Technologie des médias numériques,7
733,TMMED,Technologie multimédia,7
2776,LIMNU,Laboratoire images numériques,27
87,AIDIN,Aide individualisée,0
1039,EPS4H,Education physique sportive (4 heures),10
2064,SYSAU,Systèmes automatises,20
2777,RDEVO,Représentation en dessin et volume,27
2778,FOGAB,"Formes, outillage et gabarits",27
841,CMFOR,Culture musicale formation de l'oreille,8
1419,MOUSP,Moulage sous pression,14
1418,MOUGR,Moulage gravitaire,14
3915,G-CFS,"Gestion comptable, fiscale et sociale",39
3916,GFPAC,Gest financ prev analyses contrôle gestion,39
3917,ACTPS,Activités professionnelles de synthèse,39
3712,IFOSI,Informatique organisat syst information,37
3918,MANCI,Mise à niveau (comptabilité finances informatique),39
24,ACALI,Accès en autonomie au labo.informatique,0
1751,PO-GC,Projet d'ouvrage (génie civil),17
3823,PO-EG,Projet d'ouvrage (économie gestion),38
1503,CA-PC,Conception et analyse (plastiques composites),15
1528,TCMPC,Technologie contrôle matériaux (plastiques composites),15
1529,MEOPC,Mise en oeuvre (plastiques composites),15
1530,QSEPC,Organisation et qse (plastiq composites),15
1531,IP-PC,Industrialisation projet (plastiques composites),15
1532,MPOPC,Mainten processus outillage (plastiques composites),15
3825,DEDPI,Dimension économique des projet industriel,38
233,LITTE,Littérature,2
689,MPHIN,Mesures physiques et informatique,6
690,ISING,Initiation aux sciences de l'ingénieur,6
2077,ISYPR,Informatique et systemes de production,20
3824,ECDBQ,Economie et droit bancaire,38
4130,GCLCP,Gestion clientèle communication profes,41
3919,TECBQ,Techniques bancaires,39
3920,ABQAP,Actions bancaires appliquées,39
3826,EDTOU,Economie et droit appliqués au tourisme,38
4050,ASPAT,Analyse spatiale appliquée au tourisme,40
4051,MGAOT,Mercatique gestion appliquée organisation touristique,40
4052,TCTOU,Techniques touristiques,40
4053,APTOU,Action professionnelle touristique,40
432,PATRG,Patrimoine culturel & touristique régional,4
430,GHCIV,Géographie et histoire des civilisations,4
431,ANPAT,Analyse du patrimoine,4
3448,CPTOU,Commercialisation de produits touristiques,34
4054,MPTOU,Mercatique et productions touristiques,40
2779,TECHP,Techniques particulières,27
4055,GTMED,Gestion de projet touristique multimédia,40
1040,EPSDE,Educ physique sportive de détermination,10
1041,EPSCO,Educ physique et sportive de complément,10
2780,ATART,Atelier artistique,27
37,ATRAV,Accompagnement du travail personnel,0
38,D-SCO,Traitement des difficultés scolaires,0
434,HIMAG,Histoire de l'image,4
2781,PJART,Projet d'art appliqué,27
2782,PAAHA,Projet art appliqué et histoire de l'art,27
3240,PHOFF,Pharmacie d'officine,32
2866,GR2AC,Gr2 (divers arts du cirque),28
222,AP-CR,Atelier de pratique :langues et cultures régionales,2
3225,MEDSC,Enseignement médical et scientifique,32
1042,COURS,Courses athlétiques,10
1043,SAUTS,Sauts athlétiques,10
1044,LANCE,Lancers athlétiques,10
1045,VTT,VTT,10
1046,BICRS,Bicross,10
1047,HALMU,Haltérophile et musculation,10
1048,ARMAR,Arts martiaux (autres que le judo),10
1049,GRYTM,Gymnastique rythmique,10
1050,GAERO,Gymnastique aerobique,10
1051,GACRO,Gymnastique acrobatique,10
1056,PVOIL,Planche à voile,10
1053,GAGRE,Gymnastique aux agrès,10
1054,GSOL,Gymnastique au sol,10
1055,GDOUC,Gymnastiques douces,10
1052,ROLLE,Activités sportives sur rollers,10
1057,TRIAT,Triathlon,10
1058,LUTTE,Luttes,10
1059,BOXE,Boxe,10
1060,BOXFR,Boxe française,10
1061,BADMI,Badminton,10
1062,BASEB,Baseball,10
1063,GARTI,Gymnastique artistique,10
1064,ULTIM,Ultimate,10
1065,SUBAQ,Activités sportives subaquatiques,10
1066,TERNA,Activités sportives terrestres de pleine nature,10
1067,ACIRQ,Activités sportives de cirque,10
1068,AQUNA,Activités sportives aquatiques de pleine nature,10
1069,SUBAN,Activités sportives subaquatiques de pleine nature,10
1070,RAQUE,Raquette,10
1071,GLACE,Sports de glace,10
1072,AMONT,Activités sportives de montagne,10
1073,CHARV,Char a voiles,10
39,VIPRO,aide a la vie professionnelle,0
40,IDNCH,Itinéraire découverte (nature corps hum),0
41,IDARH,Itinéraire découverte (arts humanite),0
42,IDLCI,Itinéraire découverte (langues civilis.),0
43,IDCTQ,Itinéraire découverte (creation techniq),0
44,DLIAR,domaine litteraire et artistique,0
45,DPRJT,demarche de projet,0
117,CULSP,culture du spectacle,1
691,PHYAP,physique appliquee,6
692,PAUDI,perception auditive,6
693,PVISU,perception visuelle,6
719,ATCTK,atelier de conception - technologie,7
734,FUTIL,fonction utilisateur,7
2216,THSIG,theorie du signal,22
2217,ELPUI,electronique de puissance,22
2318,ECLAI,eclairage,23
2319,SONOR,sonorisation,23
2417,ISYST,informatique systeme,24
2783,AACAR,arts appliques et cultures artistiques,27
2784,EQLSC,equipement des lieux sceniques,27
2785,THEAT,theatre,27
3127,PRISQ,prevention des risques,31
3827,EGOTR,economie gestion organisation du travail,38
4131,SEMEC,semiologie espace et  communication,41
47,MODRE,module régional,0
337,CROATE,Croate,3
338,BAMBARA,Bambara,3
339,COREEN,Coréen,3
340,HAOUSSA,Haoussa,3
341,HINDI,Hindi,3
342,INDO-MALAY,Indonésien-malaysien,3
343,MACEDONIEN,Macédonien,3
344,PEUHL,Peuhl,3
345,SLOVAQUE,Slovaque,3
346,SLOVENE,Slovène,3
347,SWAHILI,Swahili,3
348,TAMOUL,Tamoul,3
336,SERBE,Serbe,3
685,MATPC,mathématiques physique-chimie,6
845,HIS-M,"histoire des instruments, styles et musicologie",8
800,EMUGT,éducation musicale générale et technique,8
811,PCVOI,pratique collective vocale ou instrumentale,8
842,FINST,formation instrumentale,8
843,CHKO,chant choral collectif,8
844,FVOCA,formation vocale,8
2065,ETMIC,études (microtechniques),20
2066,PRMIC,préparation (microtechniques),20
2786,CIRQU,arts du cirque,27
3921,OGACO,organisation et gestion administrative et comptable,39
4049,OTRLV,organisation et technique de la reception,40
4056,OTETA,organisation et technique des étages,40
4057,MERTC,mercatique et techniques de commercialisation,40
4132,CP-LN,communication professionnelle en langue nationale,41
4342,GT-RH,gestion et techniques des ressources humaines,43
9999,SS OBJET,Sans objet,99
46,IDAUT,Itinéraire découverte (autres),0
3651,INRES,Institutions et reseaux,36
517,PUBLI,Publics,5
518,PRESE,Prestations et services,5
519,RSHUM,Ressources humaines,5
4136,TICOP,Techniq.information & communication prof,41
3926,TGADF,Techniq. gestion administr. & financiere,39
3241,MASSS,Methodo.appliq.secteur sanit.& soc.,32
88,ACTIP,Action professionnelle,0
3652,EEJMA,Environ.eco.jur.& manager.de l'assurance,36
4137,COGRC,Communication & gestion relation client,41
59,PPAPP,Projets professionnels appliques,0
3242,HEMAN,Hematologie-anatomopathologie,32
60,CMPRO,Connaissance du milieu professionnel,0
3076,SCTSS,Scienc. & techniq. sanitaires & sociales,30
3077,BPPHU,Biologie & physiopathologie humaines,30
2322,CSMEL,Const.str.mat.appliq. électrotechnique,23
5008,NVLVE,Negociation vente en lve,50
3458,EVDME,Etude et veille des marches etrangers,34
3459,PSCLI,Prospection et suivi de clientele,34
3460,NEGOV,Negociation vente,34
3461,GOPIE,Gestion des operations d'import-export,34
4138,CMAIC,Communication  management interculturels,41
61,APAMO,Aide au partenariat et a la mobilite,0
2126,ANFSM,"Analyse fonction., structur. & mecanique",21
2127,ORMAV,Organisation  maintenance & apres-vente,21
2128,TNCIV,Technologie & intervention sur vehicules,21
3462,GRSER,Gestion de la relation de service,34
2902,CADTP,Compo.art appli.dom.techniq.repres.projt,29
2789,CUART,Culture artistique et technique,27
2790,DCREA,Demarche creative,27
2791,COTEC,Communication technique,27
2792,ATECR,Atelier de creation et de realisation,27
4347,MANGE,Management et gestion de l'entreprise,43
3828,EEMNO,Environ. eco et managerial du notariat,38
3653,DG-DN,Droit general et droit notarial,36
3654,T-NOT,Techniques du notariat,36
3655,APA-N,Activites prof. appliquees (notariat),36
62,ACDEL,Activites deleguees,0
63,ATMET,Ateliers metiers,0
4139,INFOR,Information,41
4348,AIDEC,Aide a la decision,43
4349,ORGAC,Organisation de l'action,43
64,ATLIE,Atelier(s),0
4140,ANCOM,Analyse et communication,41
2793,RCHPP,Recherches et pratiques plastiques,27
65,AALIC,Acces auton. labo informatiq. & communic,0
435,HMEMO,Histoire medievale & moderne,4
66,ACCPE,Accompagnement personnalise,0
433,FHGCI,Francais  hist.-geo. education civique,4
3132,CDESF,Connaissance domaines majeurs esf,31
3133,ISPRO,Insertion sociale et professionnelle,31
71,MRECH,Methodologie de recherche,0
3134,INTSO,Intervention sociale,31
119,S-PSY,Sensibilisation concepts psy etc,1
72,ISIC,Isic,0
73,ISAP,Isap,0
4152,COPRO,Communication professionnelle,41
120,CPOLI,Connaissance des politiques institutions,1
4153,DYPAR,Implications ds dynamiques partenariales,41
3830,PFEG,Principes fondament. economie & gestion,38
3243,SANTS,Sante & social,32
3131,BIOTE,Biotechnologies,31
3083,SLABO,Sciences & laboratoire,30
209,LITSO,Littérature & societe,2
696,MP-SC,Methodes & pratiques scientifiques,6
735,CITEC,Creation & innovation technologiques,7
903,A-VIS,Arts visuels,9
849,A-SON,Arts du son,8
1075,EPSEE,Eps enseignement d'exploration,10
3829,ECONS,Economie-consommation,38
4141,PJCOM,Projet de communication,41
4142,CONSA,Conseil et relation annonceur,41
4143,VEILO,Veille operationnelle,41
4144,APROD,Atelier production,41
4145,ANIMF,Techniques d'animation et de formation,41
4146,CPUBL,Connaissances des publics,41
4147,COMEO,Communication ecrite et orale,41
4148,DESCV,Design de communication visuelle,41
4149,COMTK,Communication technique,41
4350,GTECO,Gestion technique et economique,43
67,INVES,Methodologie d'investigation,0
118,C-COM,Cultures de la communication,1
695,SPCAP,Sciences physiques&chimiques appliquees,6
847,CMUSI,Culture musicale,8
848,ATSON,Atelier son,8
916,CVISU,Culture visuelle,9
1420,EPRDT,Etude de produits,14
1421,PPROD,Preparation de la production,14
1422,EMOAF,Et.&m.en oeuvre alliag de fond.&mat.conx,14
1924,ETAER,Etude de l'aeronef et de ses systemes,19
1925,PRPRO,Preparation de production,19
2129,AMAER,Assemblage et maintenance des aeronefs,21
3130,ALSHY,Alimentation-sante-hygiene,31
2797,DESAA,Design et arts appliques,27
5010,DAALV,Design et arts appliques en lv1,50
122,,,1
89,STRTI,Strategie et techniques d'intervention,0
90,MEQUI,Management d'equipe,0
2078,CSAUT,Conception des systemes automatiques,20
2079,CRCLI,Conduite  et realisation  projet client,20
4353,MENTR,Management des entreprises,43
2608,FEOTL,Faisab. eval. operations transport logis,26
2609,OGOTL,Org.meo gest. operations transport logis,26
2610,SVOTL,Suivi operations transport logistique,26
3728,ALGOA,Algorithmique appliquee,37
3729,AEMJI,An.eco.manager.jurid. services informatq,37
3730,MTINF,Methodes et techniques informatiques,37
698,MATAP,Mathematiques approfondies,6
4058,,,40
6002,6002A,Hippologie-équitation,60
6003,6003A,Maréchalerie,60
6905,6905A,Biochimie,69
6908,6908A,Biologie animale,69
6918,6918A,"Educ. civique, jur, soc.",69
6921,6921A,Géographie,69
6923,6923A,Grec,69
6928,6928A,Informatique,69
6944,6944A,Secrét. bureautique,69
6946,6946A,SVT,69
6948,6948A,Tech. de documentation,69
6301,6301A,Economie soc. familiale,63
6401,6401A,Machinisme,64
6402,6402A,Sc. et techno équipements,64
6403,6403A,Agro-équipements,64
6603,6603A,Sci.  techn.  horticoles,66
6604,6604A,Oenologie,66
6605,6605A,Viticulture,66
6802,6802A,Génie alimentaire,68
6803,6803A,Génie industriel,68
6001,6001A,Equitation,60
6004,6004A,Zootechnie hippologie,60
6906,6906A,Biochimie - microbiologie,69
6907,6907A,Biologie,69
6909,6909A,Biologie végétale,69
6910,6910A,Biologie-Ecologie,69
6911,6911A,Chimie,69
6912,6912A,Compta-bureau,69
6913,6913A,Documentation,69
6914,6914A,E.P.S.,69
6915,6915A,Ecologie,69
6916,6916A,Economie d'entreprise,69
6917,6917A,Economie-droit,69
6919,6919A,Education socioculturelle,69
6920,6920A,Français,69
6922,6922A,Gestion,69
6924,6924A,heures de vie de classe,69
6925,6925A,Histoire-Géo-educ. civ.,69
6926,6926A,Histoire-Géographie,69
6927,6927A,Hygiène-Prév-Secourisme,69
6929,6929A,Latin,69
6930,6930A,Mathématiques,69
6931,6931A,Mercatique,69
6932,6932A,Microbiologie,69
6933,6933A,Philosophie,69
6934,6934A,Physique,69
6935,6935A,Physique appliquée,69
6936,6936A,Physique-Chimie,69
6937,6937A,Pratiques prof.,69
6938,6938A,Pratiques soc. et cultur.,69
6939,6939A,Prévention santé Environn,69
6940,6940A,"Sci. éco, soc., gestion",69
6941,6941A,Sciences éco et sociales,69
6942,6942A,Sciences éco. et humaines,69
6943,6943A,Sciences économiques,69
6945,6945A,Statistiques,69
6947,6947A,Tech. de communication,69
6949,6949A,TIM,69
6101,6101A,Techniques commerciales,61
6102,6102A,Techniques économiques,61
6201,6201A,Techniques animalières,62
6302,6302A,Amenagem espaces naturels,63
6303,6303A,Techniques forestières,63
6404,6404A,Equipements agroalim,64
6405,6405A,Equipements hydrauliques,64
6601,6601A,Agronomie,66
6602,6602A,Sci. techn. aquacoles,66
6606,6606A,Viticulture-oenologie,66
6607,6607A,Zootechnie,66
6801,6801A,Génie des procédés IAA,68
397,FLE,Français langue étrangère,3
3129,HABLO,Habitat-logement,31
3307,QUOTI,Interv.sur le quotidien et son evolution,33
3463,ARELC,Atelier relations commerciales,34
3656,OIRAE,Organisat.indust.&reglement.aeronautique,36
3727,GSYSI,Gestion du systeme d'information,37
68,CGENX,Culture generale et expression,0
3464,RELCF,Relat. av. la clientele&les fournisseurs,34
4150,PRJCO,Projet de communication,41
520,ADDRH,Administ. develop. ressources humaines,5
3927,GFACT,Gestion et financement des actifs,39
3928,PEREN,Perennisation de l'entreprise,39
3929,GRISQ,Gestion du risque,39
69,ARTS,Arts,0
98,AEAID,Acccompagn.educatif- aide devoirs lecons,0
1098,AESPO,Accompagnemt educatif- pratique sportive,10
998,AEART,Accompagn. educatif- pratiq.art.culturel,9
5098,AELVE,Accompagn.educatif- pratique orale lve,50
2794,A-SPE,Arts du spectacle,27
2795,PATRI,Patrimoines,27
3084,EAEDD,"Ecologie, ecolo.agro.territ.dev.durable",30
4151,TPIII,Travail partenariat instut.et interinsti,41
2796,CCDES,Creation & culture design,27
70,MEPRO,Methodologie de projet,0
4351,GVQSE,Gest.vie quotidienne ds serv.ou entrepr.,43
917,CPHOV,Culture photographique et visuelle,9
4352,GDROI,Gestion et droit,43
2225,TSENS,Technologie sensitometrie,22
2226,TQUIP,Technologie equipements,22
1136,DEVPR,Developpement de produits,11
2227,PDVUE,Prise de vue,22
2228,TIMAG,Traitement de l'image,22
1137,REAPR,Realisation de produits,11
3085,BAT2D,Biologie agro. territoir.& devel.durable,30
121,,,1
6304,6304A,Amenagement paysager,63
4354,SCDG,Sciences de gestion,43
3731,ISCNU,Informatique et sciences du numerique,37
3657,DGEMC,Droit grands enjeux monde contemporain,36
235,FHGEC,"Francais, histoire-geo., educ. civique",2
3128,PSE,Prevention-sante-environnement,2
5009,LILVE,Littérature etrangere en langue etranger,50
5011,ETLV1,Enseignement technologique en lv1,50
1752,ARCHC,Architecture et construction,17
1817,ENENV,Energies et environnement,18
736,INTEC,Innovation technologique et eco-concept.,7
2420,SINUM,Systemes d'information et numerique,24
3086,VIVAN,"Chimie, biochimie, sciences du vivant",30
3087,MESIN,Mesure et instrumentation,30
697,SCLAB,Sciences physiques et chimiques en labo.,6
6901,6901A,Act. pluridisciplinaires,69
6902,6902A,Aide indiv français,69
6903,6903A,Aide indiv maths,69
6904,6904A,Arts,69
737,ETT,Enseignemts technologiques transversaux,7
521,SSPOL,Sciences sociales et politiques,5
50,DP3H,Découverte professionnelle 3 heures,0
51,DP6H,Découverte professionnelle 6 heures,0
3726,IFCOM,Informatique commerciale,37
3449,MGUCO,Management gestion  unites commerciales,34
3450,GRCOM,Gestion de la relation commerciale,34
3451,DUNCO,Developpement de l'unite commerciale,34
3452,G-CLI,Gestion de clienteles,34
3453,RELCL,Relation client,34
3454,MEQCO,Management de l'equipe commerciale,34
3455,GPROJ,Gestion de projet,34
48,ASECT,Approfondissement sectoriel,0
49,LABCC,Laboratoire de creation et de conception,0
3607,LDTSS,Legislat.-drt travail sante securit-trav,36
3070,BIOTA,Biochimie et technologies d'analyse,30
3071,BBCMO,Biochim. biologie cellulaire moleculaire,30
3073,MBBCM,Microbiologie biologie cellul. molecul.,30
3074,STBIN,Sciences technologies bioindustrielles,30
694,SPHCH,Sciences physiques et chimiques,6
810,EMUGT,Education musicale generale et technique,8
3072,MBTAN,Microbiologie et technologies d'analyse,30
1923,COMST,Comportement des systemes techniques,19
4133,INFCO,Information et communication,41
4134,INFGE,Information et gestion,41
4343,MANOR,Management des organisations,43
3922,CPTFI,Comptabilite et finance d'entreprises,39
2418,GESSI,Gestion des systemes d'information,24
52,CGEXP,Culture generale et expression,0
2787,PRPLA,Pratique plastique,27
915,AT-3D,Atelier 3d,9
2788,ATCON,Ateliers de conception,27
2123,STRMT,Strategie de maintenance,21
2124,TPMTN,Travaux pratiques de maintenance,21
234,CUGEX,Culture generale et expression,2
2320,CSMAE,Const.struct.mater.appliq. electronique,23
2125,ACPRA,Activites pratiques,21
2321,SCEEL,Sciences appliquees electriq electroniq,23
3075,TECBB,Technologies biochimiques et biologiques,30
2067,EPROU,Etude des produits et des outillages,20
2068,INDMC,Industrialisation,20
2069,PROMC,Production,20
4344,GTEAF,Gestion techn. et econ. d'une affaire,43
4135,COMAN,Communication animation,41
3457,MANCO,Management commercial,34
3807,E-VIE,Economie - vie des entreprises,38
3456,DCLIE,Developpement de clienteles,34
5006,COMLV,Communication en lv etrangere,50
53,SIGNE,Langue des signes,0
54,VISCO,Vie scolaire,0
3078,BIMGG,Biologie moleculaire et genie genetique,30
3079,BANAL,Biochimie analytique,30
3080,BISFP,Biochimie structur.& fonction. proteines,30
3081,MBIGF,Microbiologie et genie fermentaire,30
3082,BTCEL,Biologie et technologies cellulaires,30
3650,INTDT,Introduction au droit,36
2419,BIOIL,Bio-informatique et informatique de labo,24
55,SECUR,Securite,0
56,PPENC,Projet pluritechnique encadre,0
1074,CORPS,Connaissance du corps,10
846,CHORE,Culture choregraphique,8
3923,FINET,Finance d'entreprise,39
4345,MANAG,Management,43
4346,SIGES,Système d'information et de gestion,43
3924,INTCT,Introduction a la comptabilite,39
3925,CTAPP,Comptabilite approfondie,39
5007,ANGAF,Anglais applique aux affaires,50
57,RELAP,Relations professionnelles,0
58,METHO,Modules methodologiques,0
